day,time,avg_tip_pct,avg_total_bill,count
Fri,Dinner,15.891611065601625,19.663333333333334,12
Fri,Lunch,18.876488829484337,12.845714285714285,7
Sat,Dinner,15.315171638777818,20.44137931034483,87
Sun,Dinner,16.689728635113465,21.41,76
Thur,Dinner,15.974440894568689,18.78,1
Thur,Lunch,16.130073601617106,17.664754098360653,61
